{
	"start" : "😀 Para comprar sua SSH/EHI de 30 dias entre para nosso grupo de vendas @NETxx0 , você também pode ganhar uma renda extra com o nosso Painel de Revenda",
	"sshgratis" : {
		"nao_criado" : "🙃 Você já criou uma conta SSH hoje volte amanhã :)",
		"limite" : "👽 Atingimos o limite de contas por hoje volte amanhã :)"
		"pix" : "✅ 00020126710014br.gov.bcb.pix0136a1e9bf80-4261-47e0-ac74-5d4c0d77fbda0209ILIMITADO520400005303986540520.005802BR5921Lucilio Novais Santos6009Sao Paulo62110507TECHNET6304B35A :)"
	}
}